Predictor,Estimate,Standard error,Odds ratio,95% CI low,95% CI high,p-value,Interpretation
Intercept,-4.264455146205646,0.39294636258958726,0.014059525432308484,-5.034630016881237,-3.4942802755300546,1.94018407470177e-27,logistic coefficient; clustered by pair
"C(athlete_band, Treatment(reference=""A1""))[T.A2]",0.991743995013967,0.34277040356641164,2.695932066950585,0.3199140040238002,1.6635739860041339,0.003811943727918496,logistic coefficient; clustered by pair
"C(athlete_band, Treatment(reference=""A1""))[T.A3]",2.6215286334326993,0.2998854826836705,13.75673652782401,2.033753087372705,3.2093041794926935,2.294950047153005e-18,logistic coefficient; clustered by pair
"C(athlete_band, Treatment(reference=""A1""))[T.A4]",2.746583827724232,0.3054899232892399,15.589285131554782,2.147823578077322,3.3453440773711423,2.4554681887157737e-19,logistic coefficient; clustered by pair
llm_plan_a,2.485560384051704,0.16183541020816616,12.007847375934235,2.1683629800436988,2.8027577880597097,3.103474167802235e-53,logistic coefficient; clustered by pair
qwen_judge,0.6692575040503675,0.08710577220877264,1.9527868458931947,0.4985301905211732,0.8399848175795619,1.5507356951981798e-14,logistic coefficient; clustered by pair
qwen_source,0.2340234395305703,0.18657263130464333,1.263674111788616,-0.1316589178265306,0.5997057968876712,0.2097224912310679,logistic coefficient; clustered by pair
self_family,-0.0069139583851516515,0.08702237794543347,0.9931098880357535,-0.17747781915820124,0.16364990238789792,0.9366744216742068,logistic coefficient; clustered by pair
artifact_present_int,0.04441863879685323,0.20209983117869218,1.0454199166279967,-0.3516970303133834,0.4405343079070899,0.8260381113048393,logistic coefficient; clustered by pair
