any_presentation_artifact,fixture_id,llm_activity_like_fragment,llm_any_presentation_artifact,llm_avg_hr,llm_duration_text_inconsistency,llm_elevation_or_vertical,llm_ellipsis,llm_km_unit,llm_plan_id,llm_trailrun_pipe,pair_id,programmatic_activity_like_fragment,programmatic_any_presentation_artifact,programmatic_avg_hr,programmatic_duration_text_inconsistency,programmatic_elevation_or_vertical,programmatic_ellipsis,programmatic_km_unit,programmatic_plan_id,programmatic_trailrun_pipe,source_model_family
1,ab_A1__r_high__rc_high__ph_base,1,1,1,1,0,1,1,ab_A1__r_high__rc_high__ph_base__gemma_3_4b_it__src_t070__exp_t000__s000,1,pair_0000,0,0,0,0,0,0,0,ab_A1__r_high__rc_high__ph_base__prog__exp_t000__s011,0,gemma
0,ab_A1__r_high__rc_high__ph_base,0,0,0,0,0,0,0,ab_A1__r_high__rc_high__ph_base__qwen2.5_7b_instruct__src_t070__exp_t000__s004,0,pair_0001,0,0,0,0,0,0,0,ab_A1__r_high__rc_high__ph_base__prog__exp_t000__s008,0,qwen
1,ab_A1__r_high__rc_high__ph_base,1,1,1,0,0,0,1,ab_A1__r_high__rc_high__ph_base__qwen2.5_7b_instruct__src_t070__exp_t000__s002,1,pair_0002,0,0,0,0,0,0,0,ab_A1__r_high__rc_high__ph_base__prog__exp_t000__s010,0,qwen
0,ab_A1__r_high__rc_high__ph_base,0,0,0,0,0,0,0,ab_A1__r_high__rc_high__ph_base__qwen2.5_7b_instruct__src_t070__exp_t000__s005,0,pair_0003,0,0,0,0,0,0,0,ab_A1__r_high__rc_high__ph_base__prog__exp_t000__s002,0,qwen
1,ab_A1__r_high__rc_high__ph_base,0,1,0,0,0,1,0,ab_A1__r_high__rc_high__ph_base__qwen2.5_7b_instruct__src_t070__exp_t000__s003,0,pair_0004,0,0,0,0,0,0,0,ab_A1__r_high__rc_high__ph_base__prog__exp_t000__s017,0,qwen
1,ab_A1__r_high__rc_high__ph_base,0,1,0,0,0,1,0,ab_A1__r_high__rc_high__ph_base__qwen2.5_7b_instruct__src_t070__exp_t000__s001,0,pair_0005,0,0,0,0,0,0,0,ab_A1__r_high__rc_high__ph_base__prog__exp_t000__s009,0,qwen
0,ab_A1__r_high__rc_high__ph_base,0,0,0,0,0,0,0,ab_A1__r_high__rc_high__ph_base__qwen2.5_7b_instruct__src_t070__exp_t000__s000,0,pair_0006,0,0,0,0,0,0,0,ab_A1__r_high__rc_high__ph_base__prog__exp_t000__s016,0,qwen
0,ab_A1__r_high__rc_high__ph_peak,0,0,0,0,0,0,0,ab_A1__r_high__rc_high__ph_peak__qwen2.5_7b_instruct__src_t070__exp_t000__s002,0,pair_0007,0,0,0,0,0,0,0,ab_A1__r_high__rc_high__ph_peak__prog__exp_t000__s008,0,qwen
0,ab_A1__r_high__rc_high__ph_peak,0,0,0,0,0,0,0,ab_A1__r_high__rc_high__ph_peak__qwen2.5_7b_instruct__src_t070__exp_t000__s003,0,pair_0008,0,0,0,0,0,0,0,ab_A1__r_high__rc_high__ph_peak__prog__exp_t000__s009,0,qwen
1,ab_A1__r_high__rc_high__ph_peak,1,1,1,0,0,1,1,ab_A1__r_high__rc_high__ph_peak__qwen2.5_7b_instruct__src_t070__exp_t000__s000,1,pair_0009,0,0,0,0,0,0,0,ab_A1__r_high__rc_high__ph_peak__prog__exp_t000__s011,0,qwen
1,ab_A1__r_high__rc_high__ph_peak,1,1,1,0,0,1,1,ab_A1__r_high__rc_high__ph_peak__qwen2.5_7b_instruct__src_t070__exp_t000__s001,1,pair_0010,0,0,0,0,0,0,0,ab_A1__r_high__rc_high__ph_peak__prog__exp_t000__s016,0,qwen
1,ab_A1__r_high__rc_low__ph_base,0,1,0,0,0,1,0,ab_A1__r_high__rc_low__ph_base__gemma_3_4b_it__src_t070__exp_t000__s000,0,pair_0011,0,0,0,0,0,0,0,ab_A1__r_high__rc_low__ph_base__prog__exp_t000__s016,0,gemma
1,ab_A1__r_high__rc_low__ph_base,1,1,1,1,0,1,1,ab_A1__r_high__rc_low__ph_base__gemma_3_4b_it__src_t070__exp_t000__s001,1,pair_0012,0,0,0,0,0,0,0,ab_A1__r_high__rc_low__ph_base__prog__exp_t000__s019,0,gemma
1,ab_A1__r_high__rc_low__ph_base,1,1,1,0,0,0,1,ab_A1__r_high__rc_low__ph_base__gemma_3_4b_it__src_t070__exp_t000__s002,1,pair_0013,0,0,0,0,0,0,0,ab_A1__r_high__rc_low__ph_base__prog__exp_t000__s009,0,gemma
0,ab_A1__r_high__rc_low__ph_base,0,0,0,0,0,0,0,ab_A1__r_high__rc_low__ph_base__qwen2.5_7b_instruct__src_t070__exp_t000__s001,0,pair_0014,0,0,0,0,0,0,0,ab_A1__r_high__rc_low__ph_base__prog__exp_t000__s008,0,qwen
0,ab_A1__r_high__rc_low__ph_base,0,0,0,0,0,0,0,ab_A1__r_high__rc_low__ph_base__qwen2.5_7b_instruct__src_t070__exp_t000__s000,0,pair_0015,0,0,0,0,0,0,0,ab_A1__r_high__rc_low__ph_base__prog__exp_t000__s002,0,qwen
1,ab_A1__r_high__rc_low__ph_base,1,1,1,0,0,1,1,ab_A1__r_high__rc_low__ph_base__qwen2.5_7b_instruct__src_t070__exp_t000__s002,1,pair_0016,0,0,0,0,0,0,0,ab_A1__r_high__rc_low__ph_base__prog__exp_t000__s010,0,qwen
1,ab_A1__r_high__rc_low__ph_base,1,1,1,0,0,1,1,ab_A1__r_high__rc_low__ph_base__qwen2.5_7b_instruct__src_t070__exp_t000__s004,1,pair_0017,0,0,0,0,0,0,0,ab_A1__r_high__rc_low__ph_base__prog__exp_t000__s011,0,qwen
1,ab_A1__r_high__rc_low__ph_base,0,1,0,0,0,1,0,ab_A1__r_high__rc_low__ph_base__qwen2.5_7b_instruct__src_t070__exp_t000__s003,0,pair_0018,0,0,0,0,0,0,0,ab_A1__r_high__rc_low__ph_base__prog__exp_t000__s006,0,qwen
1,ab_A1__r_high__rc_low__ph_peak,1,1,1,1,0,1,1,ab_A1__r_high__rc_low__ph_peak__gemma_3_4b_it__src_t070__exp_t000__s000,1,pair_0019,0,0,0,0,0,0,0,ab_A1__r_high__rc_low__ph_peak__prog__exp_t000__s014,0,gemma
0,ab_A1__r_high__rc_low__ph_peak,0,0,0,0,0,0,0,ab_A1__r_high__rc_low__ph_peak__qwen2.5_7b_instruct__src_t070__exp_t000__s006,0,pair_0020,0,0,0,0,0,0,0,ab_A1__r_high__rc_low__ph_peak__prog__exp_t000__s008,0,qwen
0,ab_A1__r_high__rc_low__ph_peak,0,0,0,0,0,0,0,ab_A1__r_high__rc_low__ph_peak__qwen2.5_7b_instruct__src_t070__exp_t000__s000,0,pair_0021,0,0,0,0,0,0,0,ab_A1__r_high__rc_low__ph_peak__prog__exp_t000__s004,0,qwen
1,ab_A1__r_high__rc_low__ph_peak,1,1,1,0,0,1,1,ab_A1__r_high__rc_low__ph_peak__qwen2.5_7b_instruct__src_t070__exp_t000__s002,1,pair_0022,0,0,0,0,0,0,0,ab_A1__r_high__rc_low__ph_peak__prog__exp_t000__s010,0,qwen
0,ab_A1__r_high__rc_low__ph_peak,0,0,0,0,0,0,0,ab_A1__r_high__rc_low__ph_peak__qwen2.5_7b_instruct__src_t070__exp_t000__s004,0,pair_0023,0,0,0,0,0,0,0,ab_A1__r_high__rc_low__ph_peak__prog__exp_t000__s013,0,qwen
1,ab_A1__r_low__rc_high__ph_base,1,1,0,0,0,1,1,ab_A1__r_low__rc_high__ph_base__gemma_3_4b_it__src_t070__exp_t000__s000,0,pair_0024,0,0,0,0,0,0,0,ab_A1__r_low__rc_high__ph_base__prog__exp_t000__s017,0,gemma
1,ab_A1__r_low__rc_high__ph_base,1,1,0,0,0,0,1,ab_A1__r_low__rc_high__ph_base__gemma_3_4b_it__src_t070__exp_t000__s001,0,pair_0025,0,0,0,0,0,0,0,ab_A1__r_low__rc_high__ph_base__prog__exp_t000__s011,0,gemma
1,ab_A1__r_low__rc_high__ph_base,0,1,0,0,0,1,0,ab_A1__r_low__rc_high__ph_base__gemma_3_4b_it__src_t070__exp_t000__s002,0,pair_0026,0,0,0,0,0,0,0,ab_A1__r_low__rc_high__ph_base__prog__exp_t000__s005,0,gemma
1,ab_A1__r_low__rc_high__ph_base,1,1,0,0,0,1,1,ab_A1__r_low__rc_high__ph_base__gemma_3_4b_it__src_t070__exp_t000__s003,0,pair_0027,0,0,0,0,0,0,0,ab_A1__r_low__rc_high__ph_base__prog__exp_t000__s019,0,gemma
0,ab_A1__r_low__rc_high__ph_base,0,0,0,0,0,0,0,ab_A1__r_low__rc_high__ph_base__qwen2.5_7b_instruct__src_t070__exp_t000__s013,0,pair_0028,0,0,0,0,0,0,0,ab_A1__r_low__rc_high__ph_base__prog__exp_t000__s002,0,qwen
0,ab_A1__r_low__rc_high__ph_base,0,0,0,0,0,0,0,ab_A1__r_low__rc_high__ph_base__qwen2.5_7b_instruct__src_t070__exp_t000__s022,0,pair_0029,0,0,0,0,0,0,0,ab_A1__r_low__rc_high__ph_base__prog__exp_t000__s014,0,qwen
1,ab_A1__r_low__rc_high__ph_base,0,1,0,0,0,1,0,ab_A1__r_low__rc_high__ph_base__qwen2.5_7b_instruct__src_t070__exp_t000__s039,0,pair_0030,0,0,0,0,0,0,0,ab_A1__r_low__rc_high__ph_base__prog__exp_t000__s001,0,qwen
0,ab_A1__r_low__rc_high__ph_base,0,0,0,0,0,0,0,ab_A1__r_low__rc_high__ph_base__qwen2.5_7b_instruct__src_t070__exp_t000__s015,0,pair_0031,0,0,0,0,0,0,0,ab_A1__r_low__rc_high__ph_base__prog__exp_t000__s021,0,qwen
0,ab_A1__r_low__rc_high__ph_base,0,0,0,0,0,0,0,ab_A1__r_low__rc_high__ph_base__qwen2.5_7b_instruct__src_t070__exp_t000__s028,0,pair_0032,0,0,0,0,0,0,0,ab_A1__r_low__rc_high__ph_base__prog__exp_t000__s000,0,qwen
1,ab_A1__r_low__rc_high__ph_base,1,1,1,0,0,0,1,ab_A1__r_low__rc_high__ph_base__qwen2.5_7b_instruct__src_t070__exp_t000__s016,1,pair_0033,0,0,0,0,0,0,0,ab_A1__r_low__rc_high__ph_base__prog__exp_t000__s004,0,qwen
1,ab_A1__r_low__rc_high__ph_peak,1,1,0,0,1,1,1,ab_A1__r_low__rc_high__ph_peak__gemma_3_4b_it__src_t070__exp_t000__s000,0,pair_0034,0,0,0,0,0,0,0,ab_A1__r_low__rc_high__ph_peak__prog__exp_t000__s017,0,gemma
1,ab_A1__r_low__rc_high__ph_peak,1,1,1,0,0,0,1,ab_A1__r_low__rc_high__ph_peak__gemma_3_4b_it__src_t070__exp_t000__s001,1,pair_0035,0,0,0,0,0,0,0,ab_A1__r_low__rc_high__ph_peak__prog__exp_t000__s005,0,gemma
1,ab_A1__r_low__rc_high__ph_peak,1,1,0,0,1,1,1,ab_A1__r_low__rc_high__ph_peak__gemma_3_4b_it__src_t070__exp_t000__s002,0,pair_0036,0,0,0,0,0,0,0,ab_A1__r_low__rc_high__ph_peak__prog__exp_t000__s019,0,gemma
0,ab_A1__r_low__rc_high__ph_peak,0,0,0,0,0,0,0,ab_A1__r_low__rc_high__ph_peak__qwen2.5_7b_instruct__src_t070__exp_t000__s006,0,pair_0037,0,0,0,0,0,0,0,ab_A1__r_low__rc_high__ph_peak__prog__exp_t000__s002,0,qwen
0,ab_A1__r_low__rc_high__ph_peak,0,0,0,0,0,0,0,ab_A1__r_low__rc_high__ph_peak__qwen2.5_7b_instruct__src_t070__exp_t000__s001,0,pair_0038,0,0,0,0,0,0,0,ab_A1__r_low__rc_high__ph_peak__prog__exp_t000__s003,0,qwen
0,ab_A1__r_low__rc_high__ph_peak,0,0,0,0,0,0,0,ab_A1__r_low__rc_high__ph_peak__qwen2.5_7b_instruct__src_t070__exp_t000__s007,0,pair_0039,0,0,0,0,0,0,0,ab_A1__r_low__rc_high__ph_peak__prog__exp_t000__s001,0,qwen
1,ab_A1__r_low__rc_high__ph_peak,1,1,1,1,0,1,1,ab_A1__r_low__rc_high__ph_peak__qwen2.5_7b_instruct__src_t070__exp_t000__s016,1,pair_0040,0,0,0,0,0,0,0,ab_A1__r_low__rc_high__ph_peak__prog__exp_t000__s004,0,qwen
1,ab_A1__r_low__rc_low__ph_base,1,1,0,0,0,0,1,ab_A1__r_low__rc_low__ph_base__gemma_3_4b_it__src_t070__exp_t000__s000,0,pair_0041,0,0,0,0,0,0,0,ab_A1__r_low__rc_low__ph_base__prog__exp_t000__s017,0,gemma
0,ab_A1__r_low__rc_low__ph_base,0,0,0,0,0,0,0,ab_A1__r_low__rc_low__ph_base__gemma_3_4b_it__src_t070__exp_t000__s001,0,pair_0042,0,0,0,0,0,0,0,ab_A1__r_low__rc_low__ph_base__prog__exp_t000__s005,0,gemma
1,ab_A1__r_low__rc_low__ph_base,1,1,1,1,0,0,1,ab_A1__r_low__rc_low__ph_base__gemma_3_4b_it__src_t070__exp_t000__s002,1,pair_0043,0,0,0,0,0,0,0,ab_A1__r_low__rc_low__ph_base__prog__exp_t000__s019,0,gemma
1,ab_A1__r_low__rc_low__ph_base,1,1,0,0,0,1,1,ab_A1__r_low__rc_low__ph_base__gemma_3_4b_it__src_t070__exp_t000__s003,0,pair_0044,0,0,0,0,0,0,0,ab_A1__r_low__rc_low__ph_base__prog__exp_t000__s013,0,gemma
1,ab_A1__r_low__rc_low__ph_base,0,1,0,0,0,1,0,ab_A1__r_low__rc_low__ph_base__qwen2.5_7b_instruct__src_t070__exp_t000__s003,0,pair_0045,0,0,0,0,0,0,0,ab_A1__r_low__rc_low__ph_base__prog__exp_t000__s002,0,qwen
1,ab_A1__r_low__rc_low__ph_base,0,1,0,0,0,1,0,ab_A1__r_low__rc_low__ph_base__qwen2.5_7b_instruct__src_t070__exp_t000__s005,0,pair_0046,0,0,0,0,0,0,0,ab_A1__r_low__rc_low__ph_base__prog__exp_t000__s014,0,qwen
1,ab_A1__r_low__rc_low__ph_base,1,1,1,0,0,1,1,ab_A1__r_low__rc_low__ph_base__qwen2.5_7b_instruct__src_t070__exp_t000__s006,1,pair_0047,0,0,0,0,0,0,0,ab_A1__r_low__rc_low__ph_base__prog__exp_t000__s011,0,qwen
1,ab_A1__r_low__rc_low__ph_base,0,1,0,0,0,1,0,ab_A1__r_low__rc_low__ph_base__qwen2.5_7b_instruct__src_t070__exp_t000__s007,0,pair_0048,0,0,0,0,0,0,0,ab_A1__r_low__rc_low__ph_base__prog__exp_t000__s001,0,qwen
0,ab_A1__r_low__rc_low__ph_base,0,0,0,0,0,0,0,ab_A1__r_low__rc_low__ph_base__qwen2.5_7b_instruct__src_t070__exp_t000__s009,0,pair_0049,0,0,0,0,0,0,0,ab_A1__r_low__rc_low__ph_base__prog__exp_t000__s006,0,qwen
1,ab_A1__r_low__rc_low__ph_base,0,1,0,0,0,1,0,ab_A1__r_low__rc_low__ph_base__qwen2.5_7b_instruct__src_t070__exp_t000__s008,0,pair_0050,0,0,0,0,0,0,0,ab_A1__r_low__rc_low__ph_base__prog__exp_t000__s007,0,qwen
1,ab_A1__r_low__rc_low__ph_peak,1,1,1,1,0,1,1,ab_A1__r_low__rc_low__ph_peak__gemma_3_4b_it__src_t070__exp_t000__s000,1,pair_0051,0,0,0,0,0,0,0,ab_A1__r_low__rc_low__ph_peak__prog__exp_t000__s005,0,gemma
1,ab_A1__r_low__rc_low__ph_peak,0,1,0,0,0,1,0,ab_A1__r_low__rc_low__ph_peak__gemma_3_4b_it__src_t070__exp_t000__s001,0,pair_0052,0,0,0,0,0,0,0,ab_A1__r_low__rc_low__ph_peak__prog__exp_t000__s019,0,gemma
1,ab_A1__r_low__rc_low__ph_peak,1,1,1,1,0,0,1,ab_A1__r_low__rc_low__ph_peak__gemma_3_4b_it__src_t070__exp_t000__s002,1,pair_0053,0,0,0,0,0,0,0,ab_A1__r_low__rc_low__ph_peak__prog__exp_t000__s017,0,gemma
0,ab_A1__r_low__rc_low__ph_peak,0,0,0,0,0,0,0,ab_A1__r_low__rc_low__ph_peak__gemma_3_4b_it__src_t070__exp_t000__s003,0,pair_0054,0,0,0,0,0,0,0,ab_A1__r_low__rc_low__ph_peak__prog__exp_t000__s013,0,gemma
0,ab_A1__r_low__rc_low__ph_peak,0,0,0,0,0,0,0,ab_A1__r_low__rc_low__ph_peak__qwen2.5_7b_instruct__src_t070__exp_t000__s000,0,pair_0055,0,0,0,0,0,0,0,ab_A1__r_low__rc_low__ph_peak__prog__exp_t000__s002,0,qwen
0,ab_A1__r_low__rc_low__ph_peak,0,0,0,0,0,0,0,ab_A1__r_low__rc_low__ph_peak__qwen2.5_7b_instruct__src_t070__exp_t000__s001,0,pair_0056,0,0,0,0,0,0,0,ab_A1__r_low__rc_low__ph_peak__prog__exp_t000__s014,0,qwen
0,ab_A1__r_low__rc_low__ph_peak,0,0,0,0,0,0,0,ab_A1__r_low__rc_low__ph_peak__qwen2.5_7b_instruct__src_t070__exp_t000__s007,0,pair_0057,0,0,0,0,0,0,0,ab_A1__r_low__rc_low__ph_peak__prog__exp_t000__s001,0,qwen
0,ab_A1__r_low__rc_low__ph_peak,0,0,0,0,0,0,0,ab_A1__r_low__rc_low__ph_peak__qwen2.5_7b_instruct__src_t070__exp_t000__s008,0,pair_0058,0,0,0,0,0,0,0,ab_A1__r_low__rc_low__ph_peak__prog__exp_t000__s008,0,qwen
0,ab_A1__r_low__rc_low__ph_peak,0,0,0,0,0,0,0,ab_A1__r_low__rc_low__ph_peak__qwen2.5_7b_instruct__src_t070__exp_t000__s015,0,pair_0059,0,0,0,0,0,0,0,ab_A1__r_low__rc_low__ph_peak__prog__exp_t000__s007,0,qwen
1,ab_A2__r_high__rc_high__ph_base,1,1,1,0,0,1,1,ab_A2__r_high__rc_high__ph_base__gemma_3_4b_it__src_t070__exp_t000__s172,0,pair_0060,0,0,0,0,0,0,0,ab_A2__r_high__rc_high__ph_base__prog__exp_t000__s011,0,gemma
1,ab_A2__r_high__rc_high__ph_base,1,1,0,0,0,1,1,ab_A2__r_high__rc_high__ph_base__gemma_3_4b_it__src_t070__exp_t000__s170,0,pair_0061,0,0,0,0,0,0,0,ab_A2__r_high__rc_high__ph_base__prog__exp_t000__s005,0,gemma
1,ab_A2__r_high__rc_high__ph_base,1,1,1,1,0,0,1,ab_A2__r_high__rc_high__ph_base__gemma_3_4b_it__src_t070__exp_t000__s173,1,pair_0062,0,0,0,0,0,0,0,ab_A2__r_high__rc_high__ph_base__prog__exp_t000__s013,0,gemma
1,ab_A2__r_high__rc_high__ph_base,1,1,0,1,0,1,1,ab_A2__r_high__rc_high__ph_base__gemma_3_4b_it__src_t070__exp_t000__s169,1,pair_0063,0,0,0,0,0,0,0,ab_A2__r_high__rc_high__ph_base__prog__exp_t000__s018,0,gemma
1,ab_A2__r_high__rc_high__ph_base,0,1,0,0,0,1,0,ab_A2__r_high__rc_high__ph_base__gemma_3_4b_it__src_t070__exp_t000__s175,0,pair_0064,0,0,0,0,0,0,0,ab_A2__r_high__rc_high__ph_base__prog__exp_t000__s002,0,gemma
0,ab_A2__r_high__rc_high__ph_base,0,0,0,0,0,0,0,ab_A2__r_high__rc_high__ph_base__qwen2.5_7b_instruct__src_t070__exp_t000__s001,0,pair_0065,0,0,0,0,0,0,0,ab_A2__r_high__rc_high__ph_base__prog__exp_t000__s008,0,qwen
0,ab_A2__r_high__rc_high__ph_base,0,0,0,0,0,0,0,ab_A2__r_high__rc_high__ph_base__qwen2.5_7b_instruct__src_t070__exp_t000__s010,0,pair_0066,0,0,0,0,0,0,0,ab_A2__r_high__rc_high__ph_base__prog__exp_t000__s012,0,qwen
0,ab_A2__r_high__rc_high__ph_base,0,0,0,0,0,0,0,ab_A2__r_high__rc_high__ph_base__qwen2.5_7b_instruct__src_t070__exp_t000__s006,0,pair_0067,0,0,0,0,0,0,0,ab_A2__r_high__rc_high__ph_base__prog__exp_t000__s015,0,qwen
1,ab_A2__r_high__rc_high__ph_peak,1,1,0,0,0,0,1,ab_A2__r_high__rc_high__ph_peak__gemma_3_4b_it__src_t070__exp_t000__s248,0,pair_0068,0,0,0,0,0,0,0,ab_A2__r_high__rc_high__ph_peak__prog__exp_t000__s000,0,gemma
1,ab_A2__r_high__rc_high__ph_peak,1,1,0,0,0,1,1,ab_A2__r_high__rc_high__ph_peak__gemma_3_4b_it__src_t070__exp_t000__s249,0,pair_0069,0,0,0,0,0,0,0,ab_A2__r_high__rc_high__ph_peak__prog__exp_t000__s006,0,gemma
0,ab_A2__r_high__rc_high__ph_peak,0,0,0,0,0,0,0,ab_A2__r_high__rc_high__ph_peak__qwen2.5_7b_instruct__src_t070__exp_t000__s009,0,pair_0070,0,0,0,0,0,0,0,ab_A2__r_high__rc_high__ph_peak__prog__exp_t000__s005,0,qwen
0,ab_A2__r_high__rc_high__ph_peak,0,0,0,0,0,0,0,ab_A2__r_high__rc_high__ph_peak__qwen2.5_7b_instruct__src_t070__exp_t000__s004,0,pair_0071,0,0,0,0,0,0,0,ab_A2__r_high__rc_high__ph_peak__prog__exp_t000__s018,0,qwen
0,ab_A2__r_high__rc_high__ph_peak,0,0,0,0,0,0,0,ab_A2__r_high__rc_high__ph_peak__qwen2.5_7b_instruct__src_t070__exp_t000__s008,0,pair_0072,0,0,0,0,0,0,0,ab_A2__r_high__rc_high__ph_peak__prog__exp_t000__s012,0,qwen
1,ab_A2__r_high__rc_high__ph_peak,1,1,0,0,0,0,1,ab_A2__r_high__rc_high__ph_peak__qwen2.5_7b_instruct__src_t070__exp_t000__s015,0,pair_0073,0,0,0,0,0,0,0,ab_A2__r_high__rc_high__ph_peak__prog__exp_t000__s013,0,qwen
1,ab_A2__r_high__rc_low__ph_base,1,1,0,1,0,1,1,ab_A2__r_high__rc_low__ph_base__gemma_3_4b_it__src_t070__exp_t000__s000,1,pair_0074,0,0,0,0,0,0,0,ab_A2__r_high__rc_low__ph_base__prog__exp_t000__s013,0,gemma
0,ab_A2__r_high__rc_low__ph_base,0,0,0,0,0,0,0,ab_A2__r_high__rc_low__ph_base__qwen2.5_7b_instruct__src_t070__exp_t000__s002,0,pair_0075,0,0,0,0,0,0,0,ab_A2__r_high__rc_low__ph_base__prog__exp_t000__s002,0,qwen
0,ab_A2__r_high__rc_low__ph_base,0,0,0,0,0,0,0,ab_A2__r_high__rc_low__ph_base__qwen2.5_7b_instruct__src_t070__exp_t000__s000,0,pair_0076,0,0,0,0,0,0,0,ab_A2__r_high__rc_low__ph_base__prog__exp_t000__s006,0,qwen
0,ab_A2__r_high__rc_low__ph_base,0,0,0,0,0,0,0,ab_A2__r_high__rc_low__ph_base__qwen2.5_7b_instruct__src_t070__exp_t000__s004,0,pair_0077,0,0,0,0,0,0,0,ab_A2__r_high__rc_low__ph_base__prog__exp_t000__s014,0,qwen
1,ab_A2__r_high__rc_low__ph_base,0,1,0,0,0,1,0,ab_A2__r_high__rc_low__ph_base__qwen2.5_7b_instruct__src_t070__exp_t000__s006,0,pair_0078,0,0,0,0,0,0,0,ab_A2__r_high__rc_low__ph_base__prog__exp_t000__s010,0,qwen
1,ab_A2__r_high__rc_low__ph_peak,1,1,0,0,1,1,1,ab_A2__r_high__rc_low__ph_peak__gemma_3_4b_it__src_t070__exp_t000__s000,0,pair_0079,0,0,0,0,0,0,0,ab_A2__r_high__rc_low__ph_peak__prog__exp_t000__s005,0,gemma
0,ab_A2__r_high__rc_low__ph_peak,0,0,0,0,0,0,0,ab_A2__r_high__rc_low__ph_peak__gemma_3_4b_it__src_t070__exp_t000__s001,0,pair_0080,0,0,0,0,0,0,0,ab_A2__r_high__rc_low__ph_peak__prog__exp_t000__s004,0,gemma
0,ab_A2__r_high__rc_low__ph_peak,0,0,0,0,0,0,0,ab_A2__r_high__rc_low__ph_peak__qwen2.5_7b_instruct__src_t070__exp_t000__s001,0,pair_0081,0,0,0,0,0,0,0,ab_A2__r_high__rc_low__ph_peak__prog__exp_t000__s006,0,qwen
0,ab_A2__r_high__rc_low__ph_peak,0,0,0,0,0,0,0,ab_A2__r_high__rc_low__ph_peak__qwen2.5_7b_instruct__src_t070__exp_t000__s000,0,pair_0082,0,0,0,0,0,0,0,ab_A2__r_high__rc_low__ph_peak__prog__exp_t000__s010,0,qwen
0,ab_A2__r_high__rc_low__ph_peak,0,0,0,0,0,0,0,ab_A2__r_high__rc_low__ph_peak__qwen2.5_7b_instruct__src_t070__exp_t000__s003,0,pair_0083,0,0,0,0,0,0,0,ab_A2__r_high__rc_low__ph_peak__prog__exp_t000__s002,0,qwen
1,ab_A2__r_low__rc_high__ph_base,1,1,0,1,0,1,1,ab_A2__r_low__rc_high__ph_base__gemma_3_4b_it__src_t070__exp_t000__s002,0,pair_0084,0,0,0,0,0,0,0,ab_A2__r_low__rc_high__ph_base__prog__exp_t000__s011,0,gemma
1,ab_A2__r_low__rc_high__ph_base,1,1,0,0,0,0,1,ab_A2__r_low__rc_high__ph_base__gemma_3_4b_it__src_t070__exp_t000__s000,0,pair_0085,0,0,0,0,0,0,0,ab_A2__r_low__rc_high__ph_base__prog__exp_t000__s017,0,gemma
1,ab_A2__r_low__rc_high__ph_base,0,1,0,0,0,1,0,ab_A2__r_low__rc_high__ph_base__gemma_3_4b_it__src_t070__exp_t000__s001,0,pair_0086,0,0,0,0,0,0,0,ab_A2__r_low__rc_high__ph_base__prog__exp_t000__s020,0,gemma
1,ab_A2__r_low__rc_high__ph_base,0,1,0,0,0,1,0,ab_A2__r_low__rc_high__ph_base__gemma_3_4b_it__src_t070__exp_t000__s004,0,pair_0087,0,0,0,0,0,0,0,ab_A2__r_low__rc_high__ph_base__prog__exp_t000__s005,0,gemma
0,ab_A2__r_low__rc_high__ph_base,0,0,0,0,0,0,0,ab_A2__r_low__rc_high__ph_base__qwen2.5_7b_instruct__src_t070__exp_t000__s002,0,pair_0088,0,0,0,0,0,0,0,ab_A2__r_low__rc_high__ph_base__prog__exp_t000__s008,0,qwen
0,ab_A2__r_low__rc_high__ph_base,0,0,0,0,0,0,0,ab_A2__r_low__rc_high__ph_base__qwen2.5_7b_instruct__src_t070__exp_t000__s005,0,pair_0089,0,0,0,0,0,0,0,ab_A2__r_low__rc_high__ph_base__prog__exp_t000__s010,0,qwen
0,ab_A2__r_low__rc_high__ph_base,0,0,0,0,0,0,0,ab_A2__r_low__rc_high__ph_base__qwen2.5_7b_instruct__src_t070__exp_t000__s004,0,pair_0090,0,0,0,0,0,0,0,ab_A2__r_low__rc_high__ph_base__prog__exp_t000__s006,0,qwen
0,ab_A2__r_low__rc_high__ph_base,0,0,0,0,0,0,0,ab_A2__r_low__rc_high__ph_base__qwen2.5_7b_instruct__src_t070__exp_t000__s001,0,pair_0091,0,0,0,0,0,0,0,ab_A2__r_low__rc_high__ph_base__prog__exp_t000__s009,0,qwen
1,ab_A2__r_low__rc_high__ph_base,0,1,0,0,0,1,0,ab_A2__r_low__rc_high__ph_base__qwen2.5_7b_instruct__src_t070__exp_t000__s000,0,pair_0092,0,0,0,0,0,0,0,ab_A2__r_low__rc_high__ph_base__prog__exp_t000__s002,0,qwen
1,ab_A2__r_low__rc_high__ph_peak,1,1,0,0,1,0,1,ab_A2__r_low__rc_high__ph_peak__gemma_3_4b_it__src_t070__exp_t000__s000,0,pair_0093,0,0,0,0,0,0,0,ab_A2__r_low__rc_high__ph_peak__prog__exp_t000__s017,0,gemma
0,ab_A2__r_low__rc_high__ph_peak,0,0,0,0,0,0,0,ab_A2__r_low__rc_high__ph_peak__gemma_3_4b_it__src_t070__exp_t000__s001,0,pair_0094,0,0,0,0,0,0,0,ab_A2__r_low__rc_high__ph_peak__prog__exp_t000__s014,0,gemma
1,ab_A2__r_low__rc_high__ph_peak,1,1,0,0,0,1,1,ab_A2__r_low__rc_high__ph_peak__gemma_3_4b_it__src_t070__exp_t000__s002,0,pair_0095,0,0,0,0,0,0,0,ab_A2__r_low__rc_high__ph_peak__prog__exp_t000__s004,0,gemma
0,ab_A2__r_low__rc_high__ph_peak,0,0,0,0,0,0,0,ab_A2__r_low__rc_high__ph_peak__qwen2.5_7b_instruct__src_t070__exp_t000__s015,0,pair_0096,0,0,0,0,0,0,0,ab_A2__r_low__rc_high__ph_peak__prog__exp_t000__s002,0,qwen
0,ab_A2__r_low__rc_high__ph_peak,0,0,0,0,0,0,0,ab_A2__r_low__rc_high__ph_peak__qwen2.5_7b_instruct__src_t070__exp_t000__s007,0,pair_0097,0,0,0,0,0,0,0,ab_A2__r_low__rc_high__ph_peak__prog__exp_t000__s008,0,qwen
0,ab_A2__r_low__rc_high__ph_peak,0,0,0,0,0,0,0,ab_A2__r_low__rc_high__ph_peak__qwen2.5_7b_instruct__src_t070__exp_t000__s017,0,pair_0098,0,0,0,0,0,0,0,ab_A2__r_low__rc_high__ph_peak__prog__exp_t000__s010,0,qwen
0,ab_A2__r_low__rc_high__ph_peak,0,0,0,0,0,0,0,ab_A2__r_low__rc_high__ph_peak__qwen2.5_7b_instruct__src_t070__exp_t000__s004,0,pair_0099,0,0,0,0,0,0,0,ab_A2__r_low__rc_high__ph_peak__prog__exp_t000__s015,0,qwen
1,ab_A2__r_low__rc_low__ph_base,0,1,0,0,0,1,0,ab_A2__r_low__rc_low__ph_base__gemma_3_4b_it__src_t070__exp_t000__s000,0,pair_0100,0,0,0,0,0,0,0,ab_A2__r_low__rc_low__ph_base__prog__exp_t000__s011,0,gemma
1,ab_A2__r_low__rc_low__ph_base,1,1,1,0,0,1,1,ab_A2__r_low__rc_low__ph_base__gemma_3_4b_it__src_t070__exp_t000__s001,1,pair_0101,0,0,0,0,0,0,0,ab_A2__r_low__rc_low__ph_base__prog__exp_t000__s017,0,gemma
0,ab_A2__r_low__rc_low__ph_base,0,0,0,0,0,0,0,ab_A2__r_low__rc_low__ph_base__qwen2.5_7b_instruct__src_t070__exp_t000__s000,0,pair_0102,0,0,0,0,0,0,0,ab_A2__r_low__rc_low__ph_base__prog__exp_t000__s008,0,qwen
0,ab_A2__r_low__rc_low__ph_base,0,0,0,0,0,0,0,ab_A2__r_low__rc_low__ph_base__qwen2.5_7b_instruct__src_t070__exp_t000__s002,0,pair_0103,0,0,0,0,0,0,0,ab_A2__r_low__rc_low__ph_base__prog__exp_t000__s002,0,qwen
1,ab_A2__r_low__rc_low__ph_base,0,1,0,0,0,1,0,ab_A2__r_low__rc_low__ph_base__qwen2.5_7b_instruct__src_t070__exp_t000__s001,0,pair_0104,0,0,0,0,0,0,0,ab_A2__r_low__rc_low__ph_base__prog__exp_t000__s005,0,qwen
0,ab_A2__r_low__rc_low__ph_base,0,0,0,0,0,0,0,ab_A2__r_low__rc_low__ph_base__qwen2.5_7b_instruct__src_t070__exp_t000__s005,0,pair_0105,0,0,0,0,0,0,0,ab_A2__r_low__rc_low__ph_base__prog__exp_t000__s010,0,qwen
0,ab_A2__r_low__rc_low__ph_base,0,0,0,0,0,0,0,ab_A2__r_low__rc_low__ph_base__qwen2.5_7b_instruct__src_t070__exp_t000__s004,0,pair_0106,0,0,0,0,0,0,0,ab_A2__r_low__rc_low__ph_base__prog__exp_t000__s006,0,qwen
0,ab_A2__r_low__rc_low__ph_base,0,0,0,0,0,0,0,ab_A2__r_low__rc_low__ph_base__qwen2.5_7b_instruct__src_t070__exp_t000__s003,0,pair_0107,0,0,0,0,0,0,0,ab_A2__r_low__rc_low__ph_base__prog__exp_t000__s013,0,qwen
1,ab_A2__r_low__rc_low__ph_peak,1,1,0,1,0,1,1,ab_A2__r_low__rc_low__ph_peak__gemma_3_4b_it__src_t070__exp_t000__s000,0,pair_0108,0,0,0,0,0,0,0,ab_A2__r_low__rc_low__ph_peak__prog__exp_t000__s017,0,gemma
1,ab_A2__r_low__rc_low__ph_peak,0,1,0,0,0,1,0,ab_A2__r_low__rc_low__ph_peak__gemma_3_4b_it__src_t070__exp_t000__s001,0,pair_0109,0,0,0,0,0,0,0,ab_A2__r_low__rc_low__ph_peak__prog__exp_t000__s014,0,gemma
0,ab_A2__r_low__rc_low__ph_peak,0,0,0,0,0,0,0,ab_A2__r_low__rc_low__ph_peak__qwen2.5_7b_instruct__src_t070__exp_t000__s005,0,pair_0110,0,0,0,0,0,0,0,ab_A2__r_low__rc_low__ph_peak__prog__exp_t000__s002,0,qwen
0,ab_A2__r_low__rc_low__ph_peak,0,0,0,0,0,0,0,ab_A2__r_low__rc_low__ph_peak__qwen2.5_7b_instruct__src_t070__exp_t000__s008,0,pair_0111,0,0,0,0,0,0,0,ab_A2__r_low__rc_low__ph_peak__prog__exp_t000__s008,0,qwen
0,ab_A2__r_low__rc_low__ph_peak,0,0,0,0,0,0,0,ab_A2__r_low__rc_low__ph_peak__qwen2.5_7b_instruct__src_t070__exp_t000__s001,0,pair_0112,0,0,0,0,0,0,0,ab_A2__r_low__rc_low__ph_peak__prog__exp_t000__s010,0,qwen
0,ab_A2__r_low__rc_low__ph_peak,0,0,0,0,0,0,0,ab_A2__r_low__rc_low__ph_peak__qwen2.5_7b_instruct__src_t070__exp_t000__s007,0,pair_0113,0,0,0,0,0,0,0,ab_A2__r_low__rc_low__ph_peak__prog__exp_t000__s015,0,qwen
0,ab_A2__r_low__rc_low__ph_peak,0,0,0,0,0,0,0,ab_A2__r_low__rc_low__ph_peak__qwen2.5_7b_instruct__src_t070__exp_t000__s009,0,pair_0114,0,0,0,0,0,0,0,ab_A2__r_low__rc_low__ph_peak__prog__exp_t000__s004,0,qwen
0,ab_A3__r_high__rc_high__ph_base,0,0,0,0,0,0,0,ab_A3__r_high__rc_high__ph_base__gemma_3_4b_it__src_t070__exp_t000__s005,0,pair_0115,0,0,0,0,0,0,0,ab_A3__r_high__rc_high__ph_base__prog__exp_t000__s000,0,gemma
1,ab_A3__r_high__rc_high__ph_base,0,1,0,0,0,1,0,ab_A3__r_high__rc_high__ph_base__gemma_3_4b_it__src_t070__exp_t000__s001,0,pair_0116,0,0,0,0,0,0,0,ab_A3__r_high__rc_high__ph_base__prog__exp_t000__s005,0,gemma
0,ab_A3__r_high__rc_high__ph_base,0,0,0,0,0,0,0,ab_A3__r_high__rc_high__ph_base__gemma_3_4b_it__src_t070__exp_t000__s003,0,pair_0117,0,0,0,0,0,0,0,ab_A3__r_high__rc_high__ph_base__prog__exp_t000__s019,0,gemma
1,ab_A3__r_high__rc_high__ph_base,1,1,0,1,0,1,1,ab_A3__r_high__rc_high__ph_base__gemma_3_4b_it__src_t070__exp_t000__s002,1,pair_0118,0,0,0,0,0,0,0,ab_A3__r_high__rc_high__ph_base__prog__exp_t000__s011,0,gemma
1,ab_A3__r_high__rc_high__ph_base,1,1,1,1,0,1,1,ab_A3__r_high__rc_high__ph_base__gemma_3_4b_it__src_t070__exp_t000__s000,1,pair_0119,0,0,0,0,0,0,0,ab_A3__r_high__rc_high__ph_base__prog__exp_t000__s012,0,gemma
0,ab_A3__r_high__rc_high__ph_base,0,0,0,0,0,0,0,ab_A3__r_high__rc_high__ph_base__qwen2.5_7b_instruct__src_t070__exp_t000__s000,0,pair_0120,0,0,0,0,0,0,0,ab_A3__r_high__rc_high__ph_base__prog__exp_t000__s014,0,qwen
1,ab_A3__r_high__rc_high__ph_base,0,1,0,0,0,1,0,ab_A3__r_high__rc_high__ph_base__qwen2.5_7b_instruct__src_t070__exp_t000__s002,0,pair_0121,0,0,0,0,0,0,0,ab_A3__r_high__rc_high__ph_base__prog__exp_t000__s018,0,qwen
1,ab_A3__r_high__rc_high__ph_base,1,1,1,1,0,1,1,ab_A3__r_high__rc_high__ph_base__qwen2.5_7b_instruct__src_t070__exp_t000__s003,1,pair_0122,0,0,0,0,0,0,0,ab_A3__r_high__rc_high__ph_base__prog__exp_t000__s010,0,qwen
1,ab_A3__r_high__rc_high__ph_base,0,1,0,1,0,1,0,ab_A3__r_high__rc_high__ph_base__qwen2.5_7b_instruct__src_t070__exp_t000__s001,0,pair_0123,0,0,0,0,0,0,0,ab_A3__r_high__rc_high__ph_base__prog__exp_t000__s006,0,qwen
0,ab_A3__r_high__rc_high__ph_base,0,0,0,0,0,0,0,ab_A3__r_high__rc_high__ph_base__qwen2.5_7b_instruct__src_t070__exp_t000__s004,0,pair_0124,0,0,0,0,0,0,0,ab_A3__r_high__rc_high__ph_base__prog__exp_t000__s013,0,qwen
1,ab_A3__r_high__rc_high__ph_peak,1,1,1,0,0,0,1,ab_A3__r_high__rc_high__ph_peak__gemma_3_4b_it__src_t070__exp_t000__s003,1,pair_0125,0,0,0,0,0,0,0,ab_A3__r_high__rc_high__ph_peak__prog__exp_t000__s008,0,gemma
1,ab_A3__r_high__rc_high__ph_peak,1,1,0,0,0,1,1,ab_A3__r_high__rc_high__ph_peak__gemma_3_4b_it__src_t070__exp_t000__s004,0,pair_0126,0,0,0,0,0,0,0,ab_A3__r_high__rc_high__ph_peak__prog__exp_t000__s014,0,gemma
1,ab_A3__r_high__rc_high__ph_peak,1,1,0,0,0,1,1,ab_A3__r_high__rc_high__ph_peak__gemma_3_4b_it__src_t070__exp_t000__s000,0,pair_0127,0,0,0,0,0,0,0,ab_A3__r_high__rc_high__ph_peak__prog__exp_t000__s018,0,gemma
1,ab_A3__r_high__rc_high__ph_peak,0,1,0,0,0,1,0,ab_A3__r_high__rc_high__ph_peak__gemma_3_4b_it__src_t070__exp_t000__s005,0,pair_0128,0,0,0,0,0,0,0,ab_A3__r_high__rc_high__ph_peak__prog__exp_t000__s019,0,gemma
1,ab_A3__r_high__rc_high__ph_peak,1,1,0,0,1,0,1,ab_A3__r_high__rc_high__ph_peak__gemma_3_4b_it__src_t070__exp_t000__s001,0,pair_0129,0,0,0,0,0,0,0,ab_A3__r_high__rc_high__ph_peak__prog__exp_t000__s005,0,gemma
0,ab_A3__r_high__rc_high__ph_peak,0,0,0,0,0,0,0,ab_A3__r_high__rc_high__ph_peak__qwen2.5_7b_instruct__src_t070__exp_t000__s002,0,pair_0130,0,0,0,0,0,0,0,ab_A3__r_high__rc_high__ph_peak__prog__exp_t000__s010,0,qwen
0,ab_A3__r_high__rc_high__ph_peak,0,0,0,0,0,0,0,ab_A3__r_high__rc_high__ph_peak__qwen2.5_7b_instruct__src_t070__exp_t000__s000,0,pair_0131,0,0,0,0,0,0,0,ab_A3__r_high__rc_high__ph_peak__prog__exp_t000__s011,0,qwen
1,ab_A3__r_high__rc_high__ph_peak,0,1,0,0,0,1,0,ab_A3__r_high__rc_high__ph_peak__qwen2.5_7b_instruct__src_t070__exp_t000__s005,0,pair_0132,0,0,0,0,0,0,0,ab_A3__r_high__rc_high__ph_peak__prog__exp_t000__s013,0,qwen
1,ab_A3__r_high__rc_high__ph_peak,0,1,0,1,0,1,0,ab_A3__r_high__rc_high__ph_peak__qwen2.5_7b_instruct__src_t070__exp_t000__s001,0,pair_0133,0,0,0,0,0,0,0,ab_A3__r_high__rc_high__ph_peak__prog__exp_t000__s017,0,qwen
0,ab_A3__r_high__rc_low__ph_base,0,0,0,0,0,0,0,ab_A3__r_high__rc_low__ph_base__gemma_3_4b_it__src_t070__exp_t000__s004,0,pair_0134,0,0,0,0,0,0,0,ab_A3__r_high__rc_low__ph_base__prog__exp_t000__s005,0,gemma
1,ab_A3__r_high__rc_low__ph_base,0,1,0,0,0,1,0,ab_A3__r_high__rc_low__ph_base__gemma_3_4b_it__src_t070__exp_t000__s003,0,pair_0135,0,0,0,0,0,0,0,ab_A3__r_high__rc_low__ph_base__prog__exp_t000__s019,0,gemma
1,ab_A3__r_high__rc_low__ph_base,1,1,0,0,0,0,1,ab_A3__r_high__rc_low__ph_base__gemma_3_4b_it__src_t070__exp_t000__s002,0,pair_0136,0,0,0,0,0,0,0,ab_A3__r_high__rc_low__ph_base__prog__exp_t000__s012,0,gemma
1,ab_A3__r_high__rc_low__ph_base,0,1,0,0,0,1,0,ab_A3__r_high__rc_low__ph_base__gemma_3_4b_it__src_t070__exp_t000__s005,0,pair_0137,0,0,0,0,0,0,0,ab_A3__r_high__rc_low__ph_base__prog__exp_t000__s000,0,gemma
1,ab_A3__r_high__rc_low__ph_base,1,1,1,1,0,0,1,ab_A3__r_high__rc_low__ph_base__gemma_3_4b_it__src_t070__exp_t000__s001,1,pair_0138,0,0,0,0,0,0,0,ab_A3__r_high__rc_low__ph_base__prog__exp_t000__s009,0,gemma
1,ab_A3__r_high__rc_low__ph_base,0,1,0,0,0,1,0,ab_A3__r_high__rc_low__ph_base__qwen2.5_7b_instruct__src_t070__exp_t000__s003,0,pair_0139,0,0,0,0,0,0,0,ab_A3__r_high__rc_low__ph_base__prog__exp_t000__s002,0,qwen
0,ab_A3__r_high__rc_low__ph_base,0,0,0,0,0,0,0,ab_A3__r_high__rc_low__ph_base__qwen2.5_7b_instruct__src_t070__exp_t000__s004,0,pair_0140,0,0,0,0,0,0,0,ab_A3__r_high__rc_low__ph_base__prog__exp_t000__s013,0,qwen
1,ab_A3__r_high__rc_low__ph_peak,0,1,0,0,0,1,0,ab_A3__r_high__rc_low__ph_peak__gemma_3_4b_it__src_t070__exp_t000__s006,0,pair_0141,0,0,0,0,0,0,0,ab_A3__r_high__rc_low__ph_peak__prog__exp_t000__s019,0,gemma
1,ab_A3__r_high__rc_low__ph_peak,0,1,0,0,0,1,0,ab_A3__r_high__rc_low__ph_peak__gemma_3_4b_it__src_t070__exp_t000__s003,0,pair_0142,0,0,0,0,0,0,0,ab_A3__r_high__rc_low__ph_peak__prog__exp_t000__s000,0,gemma
1,ab_A3__r_high__rc_low__ph_peak,0,1,0,0,0,1,0,ab_A3__r_high__rc_low__ph_peak__gemma_3_4b_it__src_t070__exp_t000__s002,0,pair_0143,0,0,0,0,0,0,0,ab_A3__r_high__rc_low__ph_peak__prog__exp_t000__s014,0,gemma
0,ab_A3__r_high__rc_low__ph_peak,0,0,0,0,0,0,0,ab_A3__r_high__rc_low__ph_peak__gemma_3_4b_it__src_t070__exp_t000__s000,0,pair_0144,0,0,0,0,0,0,0,ab_A3__r_high__rc_low__ph_peak__prog__exp_t000__s020,0,gemma
1,ab_A3__r_high__rc_low__ph_peak,0,1,0,0,0,1,0,ab_A3__r_high__rc_low__ph_peak__gemma_3_4b_it__src_t070__exp_t000__s001,0,pair_0145,0,0,0,0,0,0,0,ab_A3__r_high__rc_low__ph_peak__prog__exp_t000__s003,0,gemma
1,ab_A3__r_high__rc_low__ph_peak,0,1,0,1,0,1,0,ab_A3__r_high__rc_low__ph_peak__qwen2.5_7b_instruct__src_t070__exp_t000__s005,0,pair_0146,0,0,0,0,0,0,0,ab_A3__r_high__rc_low__ph_peak__prog__exp_t000__s017,0,qwen
1,ab_A3__r_high__rc_low__ph_peak,0,1,0,1,0,1,0,ab_A3__r_high__rc_low__ph_peak__qwen2.5_7b_instruct__src_t070__exp_t000__s002,0,pair_0147,0,0,0,0,0,0,0,ab_A3__r_high__rc_low__ph_peak__prog__exp_t000__s006,0,qwen
0,ab_A3__r_high__rc_low__ph_peak,0,0,0,0,0,0,0,ab_A3__r_high__rc_low__ph_peak__qwen2.5_7b_instruct__src_t070__exp_t000__s004,0,pair_0148,0,0,0,0,0,0,0,ab_A3__r_high__rc_low__ph_peak__prog__exp_t000__s002,0,qwen
0,ab_A3__r_high__rc_low__ph_peak,0,0,0,0,0,0,0,ab_A3__r_high__rc_low__ph_peak__qwen2.5_7b_instruct__src_t070__exp_t000__s000,0,pair_0149,0,0,0,0,0,0,0,ab_A3__r_high__rc_low__ph_peak__prog__exp_t000__s011,0,qwen
0,ab_A3__r_high__rc_low__ph_peak,0,0,0,0,0,0,0,ab_A3__r_high__rc_low__ph_peak__qwen2.5_7b_instruct__src_t070__exp_t000__s001,0,pair_0150,0,0,0,0,0,0,0,ab_A3__r_high__rc_low__ph_peak__prog__exp_t000__s018,0,qwen
0,ab_A3__r_low__rc_high__ph_base,0,0,0,0,0,0,0,ab_A3__r_low__rc_high__ph_base__gemma_3_4b_it__src_t070__exp_t000__s000,0,pair_0151,0,0,0,0,0,0,0,ab_A3__r_low__rc_high__ph_base__prog__exp_t000__s014,0,gemma
1,ab_A3__r_low__rc_high__ph_base,1,1,0,1,0,1,1,ab_A3__r_low__rc_high__ph_base__gemma_3_4b_it__src_t070__exp_t000__s001,1,pair_0152,0,0,0,0,0,0,0,ab_A3__r_low__rc_high__ph_base__prog__exp_t000__s006,0,gemma
1,ab_A3__r_low__rc_high__ph_base,1,1,0,1,0,0,1,ab_A3__r_low__rc_high__ph_base__gemma_3_4b_it__src_t070__exp_t000__s006,0,pair_0153,0,0,0,0,0,0,0,ab_A3__r_low__rc_high__ph_base__prog__exp_t000__s020,0,gemma
1,ab_A3__r_low__rc_high__ph_base,0,1,0,0,0,1,0,ab_A3__r_low__rc_high__ph_base__gemma_3_4b_it__src_t070__exp_t000__s328,0,pair_0154,0,0,0,0,0,0,0,ab_A3__r_low__rc_high__ph_base__prog__exp_t000__s018,0,gemma
1,ab_A3__r_low__rc_high__ph_base,0,1,0,0,0,1,0,ab_A3__r_low__rc_high__ph_base__gemma_3_4b_it__src_t070__exp_t000__s004,0,pair_0155,0,0,0,0,0,0,0,ab_A3__r_low__rc_high__ph_base__prog__exp_t000__s008,0,gemma
0,ab_A3__r_low__rc_high__ph_base,0,0,0,0,0,0,0,ab_A3__r_low__rc_high__ph_base__qwen2.5_7b_instruct__src_t070__exp_t000__s001,0,pair_0156,0,0,0,0,0,0,0,ab_A3__r_low__rc_high__ph_base__prog__exp_t000__s021,0,qwen
0,ab_A3__r_low__rc_high__ph_base,0,0,0,0,0,0,0,ab_A3__r_low__rc_high__ph_base__qwen2.5_7b_instruct__src_t070__exp_t000__s005,0,pair_0157,0,0,0,0,0,0,0,ab_A3__r_low__rc_high__ph_base__prog__exp_t000__s013,0,qwen
0,ab_A3__r_low__rc_high__ph_base,0,0,0,0,0,0,0,ab_A3__r_low__rc_high__ph_base__qwen2.5_7b_instruct__src_t070__exp_t000__s004,0,pair_0158,0,0,0,0,0,0,0,ab_A3__r_low__rc_high__ph_base__prog__exp_t000__s017,0,qwen
0,ab_A3__r_low__rc_high__ph_base,0,0,0,0,0,0,0,ab_A3__r_low__rc_high__ph_base__qwen2.5_7b_instruct__src_t070__exp_t000__s008,0,pair_0159,0,0,0,0,0,0,0,ab_A3__r_low__rc_high__ph_base__prog__exp_t000__s016,0,qwen
1,ab_A3__r_low__rc_high__ph_base,0,1,0,0,0,1,0,ab_A3__r_low__rc_high__ph_base__qwen2.5_7b_instruct__src_t070__exp_t000__s003,0,pair_0160,0,0,0,0,0,0,0,ab_A3__r_low__rc_high__ph_base__prog__exp_t000__s010,0,qwen
1,ab_A3__r_low__rc_high__ph_peak,1,1,1,0,0,0,1,ab_A3__r_low__rc_high__ph_peak__gemma_3_4b_it__src_t070__exp_t000__s001,0,pair_0161,0,0,0,0,0,0,0,ab_A3__r_low__rc_high__ph_peak__prog__exp_t000__s006,0,gemma
1,ab_A3__r_low__rc_high__ph_peak,1,1,0,0,0,0,1,ab_A3__r_low__rc_high__ph_peak__gemma_3_4b_it__src_t070__exp_t000__s025,0,pair_0162,0,0,0,0,0,0,0,ab_A3__r_low__rc_high__ph_peak__prog__exp_t000__s018,0,gemma
1,ab_A3__r_low__rc_high__ph_peak,1,1,1,0,0,0,1,ab_A3__r_low__rc_high__ph_peak__gemma_3_4b_it__src_t070__exp_t000__s004,0,pair_0163,0,0,0,0,0,0,0,ab_A3__r_low__rc_high__ph_peak__prog__exp_t000__s003,0,gemma
0,ab_A3__r_low__rc_high__ph_peak,0,0,0,0,0,0,0,ab_A3__r_low__rc_high__ph_peak__gemma_3_4b_it__src_t070__exp_t000__s010,0,pair_0164,0,0,0,0,0,0,0,ab_A3__r_low__rc_high__ph_peak__prog__exp_t000__s002,0,gemma
1,ab_A3__r_low__rc_high__ph_peak,1,1,1,1,0,1,1,ab_A3__r_low__rc_high__ph_peak__gemma_3_4b_it__src_t070__exp_t000__s017,1,pair_0165,0,0,0,0,0,0,0,ab_A3__r_low__rc_high__ph_peak__prog__exp_t000__s016,0,gemma
0,ab_A3__r_low__rc_high__ph_peak,0,0,0,0,0,0,0,ab_A3__r_low__rc_high__ph_peak__qwen2.5_7b_instruct__src_t070__exp_t000__s001,0,pair_0166,0,0,0,0,0,0,0,ab_A3__r_low__rc_high__ph_peak__prog__exp_t000__s019,0,qwen
0,ab_A3__r_low__rc_high__ph_peak,0,0,0,0,0,0,0,ab_A3__r_low__rc_high__ph_peak__qwen2.5_7b_instruct__src_t070__exp_t000__s002,0,pair_0167,0,0,0,0,0,0,0,ab_A3__r_low__rc_high__ph_peak__prog__exp_t000__s014,0,qwen
0,ab_A3__r_low__rc_high__ph_peak,0,0,0,0,0,0,0,ab_A3__r_low__rc_high__ph_peak__qwen2.5_7b_instruct__src_t070__exp_t000__s005,0,pair_0168,0,0,0,0,0,0,0,ab_A3__r_low__rc_high__ph_peak__prog__exp_t000__s017,0,qwen
0,ab_A3__r_low__rc_high__ph_peak,0,0,0,0,0,0,0,ab_A3__r_low__rc_high__ph_peak__qwen2.5_7b_instruct__src_t070__exp_t000__s003,0,pair_0169,0,0,0,0,0,0,0,ab_A3__r_low__rc_high__ph_peak__prog__exp_t000__s005,0,qwen
0,ab_A3__r_low__rc_high__ph_peak,0,0,0,0,0,0,0,ab_A3__r_low__rc_high__ph_peak__qwen2.5_7b_instruct__src_t070__exp_t000__s009,0,pair_0170,0,0,0,0,0,0,0,ab_A3__r_low__rc_high__ph_peak__prog__exp_t000__s013,0,qwen
1,ab_A3__r_low__rc_low__ph_base,0,1,0,0,0,1,0,ab_A3__r_low__rc_low__ph_base__gemma_3_4b_it__src_t070__exp_t000__s002,0,pair_0171,0,0,0,0,0,0,0,ab_A3__r_low__rc_low__ph_base__prog__exp_t000__s013,0,gemma
1,ab_A3__r_low__rc_low__ph_base,0,1,0,0,0,1,0,ab_A3__r_low__rc_low__ph_base__gemma_3_4b_it__src_t070__exp_t000__s001,0,pair_0172,0,0,0,0,0,0,0,ab_A3__r_low__rc_low__ph_base__prog__exp_t000__s014,0,gemma
1,ab_A3__r_low__rc_low__ph_base,1,1,1,1,0,0,1,ab_A3__r_low__rc_low__ph_base__gemma_3_4b_it__src_t070__exp_t000__s000,1,pair_0173,0,0,0,0,0,0,0,ab_A3__r_low__rc_low__ph_base__prog__exp_t000__s006,0,gemma
1,ab_A3__r_low__rc_low__ph_base,1,1,1,1,0,0,1,ab_A3__r_low__rc_low__ph_base__gemma_3_4b_it__src_t070__exp_t000__s007,1,pair_0174,0,0,0,0,0,0,0,ab_A3__r_low__rc_low__ph_base__prog__exp_t000__s016,0,gemma
1,ab_A3__r_low__rc_low__ph_base,0,1,0,0,0,1,0,ab_A3__r_low__rc_low__ph_base__gemma_3_4b_it__src_t070__exp_t000__s006,0,pair_0175,0,0,0,0,0,0,0,ab_A3__r_low__rc_low__ph_base__prog__exp_t000__s008,0,gemma
0,ab_A3__r_low__rc_low__ph_base,0,0,0,0,0,0,0,ab_A3__r_low__rc_low__ph_base__gemma_3_4b_it__src_t070__exp_t000__s003,0,pair_0176,0,0,0,0,0,0,0,ab_A3__r_low__rc_low__ph_base__prog__exp_t000__s003,0,gemma
0,ab_A3__r_low__rc_low__ph_base,0,0,0,0,0,0,0,ab_A3__r_low__rc_low__ph_base__qwen2.5_7b_instruct__src_t070__exp_t000__s006,0,pair_0177,0,0,0,0,0,0,0,ab_A3__r_low__rc_low__ph_base__prog__exp_t000__s018,0,qwen
1,ab_A3__r_low__rc_low__ph_base,0,1,0,0,0,1,0,ab_A3__r_low__rc_low__ph_base__qwen2.5_7b_instruct__src_t070__exp_t000__s002,0,pair_0178,0,0,0,0,0,0,0,ab_A3__r_low__rc_low__ph_base__prog__exp_t000__s017,0,qwen
0,ab_A3__r_low__rc_low__ph_base,0,0,0,0,0,0,0,ab_A3__r_low__rc_low__ph_base__qwen2.5_7b_instruct__src_t070__exp_t000__s004,0,pair_0179,0,0,0,0,0,0,0,ab_A3__r_low__rc_low__ph_base__prog__exp_t000__s020,0,qwen
0,ab_A3__r_low__rc_low__ph_base,0,0,0,0,0,0,0,ab_A3__r_low__rc_low__ph_base__qwen2.5_7b_instruct__src_t070__exp_t000__s000,0,pair_0180,0,0,0,0,0,0,0,ab_A3__r_low__rc_low__ph_base__prog__exp_t000__s015,0,qwen
0,ab_A3__r_low__rc_low__ph_base,0,0,0,0,0,0,0,ab_A3__r_low__rc_low__ph_base__qwen2.5_7b_instruct__src_t070__exp_t000__s001,0,pair_0181,0,0,0,0,0,0,0,ab_A3__r_low__rc_low__ph_base__prog__exp_t000__s000,0,qwen
1,ab_A3__r_low__rc_low__ph_peak,1,1,0,0,0,0,1,ab_A3__r_low__rc_low__ph_peak__gemma_3_4b_it__src_t070__exp_t000__s000,0,pair_0182,0,0,0,0,0,0,0,ab_A3__r_low__rc_low__ph_peak__prog__exp_t000__s006,0,gemma
1,ab_A3__r_low__rc_low__ph_peak,1,1,0,1,0,0,1,ab_A3__r_low__rc_low__ph_peak__gemma_3_4b_it__src_t070__exp_t000__s002,1,pair_0183,0,0,0,0,0,0,0,ab_A3__r_low__rc_low__ph_peak__prog__exp_t000__s016,0,gemma
1,ab_A3__r_low__rc_low__ph_peak,1,1,0,0,0,1,1,ab_A3__r_low__rc_low__ph_peak__gemma_3_4b_it__src_t070__exp_t000__s007,0,pair_0184,0,0,0,0,0,0,0,ab_A3__r_low__rc_low__ph_peak__prog__exp_t000__s001,0,gemma
1,ab_A3__r_low__rc_low__ph_peak,1,1,0,1,0,0,1,ab_A3__r_low__rc_low__ph_peak__gemma_3_4b_it__src_t070__exp_t000__s014,0,pair_0185,0,0,0,0,0,0,0,ab_A3__r_low__rc_low__ph_peak__prog__exp_t000__s003,0,gemma
1,ab_A3__r_low__rc_low__ph_peak,1,1,1,1,0,1,1,ab_A3__r_low__rc_low__ph_peak__gemma_3_4b_it__src_t070__exp_t000__s025,1,pair_0186,0,0,0,0,0,0,0,ab_A3__r_low__rc_low__ph_peak__prog__exp_t000__s002,0,gemma
1,ab_A3__r_low__rc_low__ph_peak,0,1,0,0,0,1,0,ab_A3__r_low__rc_low__ph_peak__qwen2.5_7b_instruct__src_t070__exp_t000__s001,0,pair_0187,0,0,0,0,0,0,0,ab_A3__r_low__rc_low__ph_peak__prog__exp_t000__s005,0,qwen
0,ab_A3__r_low__rc_low__ph_peak,0,0,0,0,0,0,0,ab_A3__r_low__rc_low__ph_peak__qwen2.5_7b_instruct__src_t070__exp_t000__s004,0,pair_0188,0,0,0,0,0,0,0,ab_A3__r_low__rc_low__ph_peak__prog__exp_t000__s013,0,qwen
1,ab_A4__r_high__rc_high__ph_base,1,1,1,0,0,1,1,ab_A4__r_high__rc_high__ph_base__gemma_3_4b_it__src_t070__exp_t000__s002,1,pair_0189,0,0,0,0,0,0,0,ab_A4__r_high__rc_high__ph_base__prog__exp_t000__s014,0,gemma
1,ab_A4__r_high__rc_high__ph_base,1,1,1,0,0,1,1,ab_A4__r_high__rc_high__ph_base__gemma_3_4b_it__src_t070__exp_t000__s005,1,pair_0190,0,0,0,0,0,0,0,ab_A4__r_high__rc_high__ph_base__prog__exp_t000__s008,0,gemma
0,ab_A4__r_high__rc_high__ph_base,0,0,0,0,0,0,0,ab_A4__r_high__rc_high__ph_base__gemma_3_4b_it__src_t070__exp_t000__s003,0,pair_0191,0,0,0,0,0,0,0,ab_A4__r_high__rc_high__ph_base__prog__exp_t000__s003,0,gemma
1,ab_A4__r_high__rc_high__ph_base,1,1,1,1,0,0,1,ab_A4__r_high__rc_high__ph_base__gemma_3_4b_it__src_t070__exp_t000__s000,0,pair_0192,0,0,0,0,0,0,0,ab_A4__r_high__rc_high__ph_base__prog__exp_t000__s011,0,gemma
1,ab_A4__r_high__rc_high__ph_base,0,1,0,0,0,1,0,ab_A4__r_high__rc_high__ph_base__gemma_3_4b_it__src_t070__exp_t000__s004,0,pair_0193,0,0,0,0,0,0,0,ab_A4__r_high__rc_high__ph_base__prog__exp_t000__s018,0,gemma
1,ab_A4__r_high__rc_high__ph_base,0,1,0,0,1,1,0,ab_A4__r_high__rc_high__ph_base__qwen2.5_7b_instruct__src_t070__exp_t000__s002,0,pair_0194,0,0,0,0,0,0,0,ab_A4__r_high__rc_high__ph_base__prog__exp_t000__s012,0,qwen
0,ab_A4__r_high__rc_high__ph_base,0,0,0,0,0,0,0,ab_A4__r_high__rc_high__ph_base__qwen2.5_7b_instruct__src_t070__exp_t000__s000,0,pair_0195,0,0,0,0,0,0,0,ab_A4__r_high__rc_high__ph_base__prog__exp_t000__s013,0,qwen
0,ab_A4__r_high__rc_high__ph_base,0,0,0,0,0,0,0,ab_A4__r_high__rc_high__ph_base__qwen2.5_7b_instruct__src_t070__exp_t000__s005,0,pair_0196,0,0,0,0,0,0,0,ab_A4__r_high__rc_high__ph_base__prog__exp_t000__s001,0,qwen
0,ab_A4__r_high__rc_high__ph_base,0,0,0,0,0,0,0,ab_A4__r_high__rc_high__ph_base__qwen2.5_7b_instruct__src_t070__exp_t000__s001,0,pair_0197,0,0,0,0,0,0,0,ab_A4__r_high__rc_high__ph_base__prog__exp_t000__s007,0,qwen
1,ab_A4__r_high__rc_high__ph_peak,1,1,0,0,1,1,1,ab_A4__r_high__rc_high__ph_peak__gemma_3_4b_it__src_t070__exp_t000__s000,0,pair_0198,0,0,0,0,0,0,0,ab_A4__r_high__rc_high__ph_peak__prog__exp_t000__s005,0,gemma
0,ab_A4__r_high__rc_high__ph_peak,0,0,0,0,0,0,0,ab_A4__r_high__rc_high__ph_peak__gemma_3_4b_it__src_t070__exp_t000__s007,0,pair_0199,0,0,0,0,0,0,0,ab_A4__r_high__rc_high__ph_peak__prog__exp_t000__s019,0,gemma
1,ab_A4__r_high__rc_high__ph_peak,1,1,1,0,0,0,1,ab_A4__r_high__rc_high__ph_peak__gemma_3_4b_it__src_t070__exp_t000__s006,1,pair_0200,0,0,0,0,0,0,0,ab_A4__r_high__rc_high__ph_peak__prog__exp_t000__s008,0,gemma
0,ab_A4__r_high__rc_high__ph_peak,0,0,0,0,0,0,0,ab_A4__r_high__rc_high__ph_peak__gemma_3_4b_it__src_t070__exp_t000__s002,0,pair_0201,0,0,0,0,0,0,0,ab_A4__r_high__rc_high__ph_peak__prog__exp_t000__s010,0,gemma
1,ab_A4__r_high__rc_high__ph_peak,1,1,1,0,0,0,1,ab_A4__r_high__rc_high__ph_peak__qwen2.5_7b_instruct__src_t070__exp_t000__s004,1,pair_0202,0,0,0,0,0,0,0,ab_A4__r_high__rc_high__ph_peak__prog__exp_t000__s017,0,qwen
1,ab_A4__r_high__rc_high__ph_peak,1,1,1,0,0,1,1,ab_A4__r_high__rc_high__ph_peak__qwen2.5_7b_instruct__src_t070__exp_t000__s003,1,pair_0203,0,0,0,0,0,0,0,ab_A4__r_high__rc_high__ph_peak__prog__exp_t000__s013,0,qwen
1,ab_A4__r_high__rc_high__ph_peak,0,1,0,0,0,1,0,ab_A4__r_high__rc_high__ph_peak__qwen2.5_7b_instruct__src_t070__exp_t000__s000,0,pair_0204,0,0,0,0,0,0,0,ab_A4__r_high__rc_high__ph_peak__prog__exp_t000__s016,0,qwen
1,ab_A4__r_high__rc_low__ph_base,1,1,1,0,0,1,1,ab_A4__r_high__rc_low__ph_base__gemma_3_4b_it__src_t070__exp_t000__s001,1,pair_0205,0,0,0,0,0,0,0,ab_A4__r_high__rc_low__ph_base__prog__exp_t000__s008,0,gemma
1,ab_A4__r_high__rc_low__ph_base,1,1,1,0,0,1,1,ab_A4__r_high__rc_low__ph_base__gemma_3_4b_it__src_t070__exp_t000__s002,1,pair_0206,0,0,0,0,0,0,0,ab_A4__r_high__rc_low__ph_base__prog__exp_t000__s003,0,gemma
1,ab_A4__r_high__rc_low__ph_base,1,1,0,1,0,1,1,ab_A4__r_high__rc_low__ph_base__gemma_3_4b_it__src_t070__exp_t000__s004,1,pair_0207,0,0,0,0,0,0,0,ab_A4__r_high__rc_low__ph_base__prog__exp_t000__s018,0,gemma
0,ab_A4__r_high__rc_low__ph_base,0,0,0,0,0,0,0,ab_A4__r_high__rc_low__ph_base__gemma_3_4b_it__src_t070__exp_t000__s000,0,pair_0208,0,0,0,0,0,0,0,ab_A4__r_high__rc_low__ph_base__prog__exp_t000__s019,0,gemma
1,ab_A4__r_high__rc_low__ph_base,1,1,1,0,0,1,1,ab_A4__r_high__rc_low__ph_base__gemma_3_4b_it__src_t070__exp_t000__s005,1,pair_0209,0,0,0,0,0,0,0,ab_A4__r_high__rc_low__ph_base__prog__exp_t000__s002,0,gemma
1,ab_A4__r_high__rc_low__ph_base,0,1,0,1,0,0,0,ab_A4__r_high__rc_low__ph_base__qwen2.5_7b_instruct__src_t070__exp_t000__s003,0,pair_0210,0,0,0,0,0,0,0,ab_A4__r_high__rc_low__ph_base__prog__exp_t000__s011,0,qwen
1,ab_A4__r_high__rc_low__ph_peak,1,1,1,0,0,1,1,ab_A4__r_high__rc_low__ph_peak__gemma_3_4b_it__src_t070__exp_t000__s004,1,pair_0211,0,0,0,0,0,0,0,ab_A4__r_high__rc_low__ph_peak__prog__exp_t000__s005,0,gemma
1,ab_A4__r_high__rc_low__ph_peak,1,1,0,0,0,1,1,ab_A4__r_high__rc_low__ph_peak__gemma_3_4b_it__src_t070__exp_t000__s001,0,pair_0212,0,0,0,0,0,0,0,ab_A4__r_high__rc_low__ph_peak__prog__exp_t000__s000,0,gemma
0,ab_A4__r_high__rc_low__ph_peak,0,0,0,0,0,0,0,ab_A4__r_high__rc_low__ph_peak__gemma_3_4b_it__src_t070__exp_t000__s000,0,pair_0213,0,0,0,0,0,0,0,ab_A4__r_high__rc_low__ph_peak__prog__exp_t000__s012,0,gemma
1,ab_A4__r_high__rc_low__ph_peak,0,1,0,0,0,1,0,ab_A4__r_high__rc_low__ph_peak__qwen2.5_7b_instruct__src_t070__exp_t000__s002,0,pair_0214,0,0,0,0,0,0,0,ab_A4__r_high__rc_low__ph_peak__prog__exp_t000__s017,0,qwen
0,ab_A4__r_high__rc_low__ph_peak,0,0,0,0,0,0,0,ab_A4__r_high__rc_low__ph_peak__qwen2.5_7b_instruct__src_t070__exp_t000__s001,0,pair_0215,0,0,0,0,0,0,0,ab_A4__r_high__rc_low__ph_peak__prog__exp_t000__s011,0,qwen
0,ab_A4__r_high__rc_low__ph_peak,0,0,0,0,0,0,0,ab_A4__r_high__rc_low__ph_peak__qwen2.5_7b_instruct__src_t070__exp_t000__s000,0,pair_0216,0,0,0,0,0,0,0,ab_A4__r_high__rc_low__ph_peak__prog__exp_t000__s019,0,qwen
0,ab_A4__r_high__rc_low__ph_peak,0,0,0,0,0,0,0,ab_A4__r_high__rc_low__ph_peak__qwen2.5_7b_instruct__src_t070__exp_t000__s005,0,pair_0217,0,0,0,0,0,0,0,ab_A4__r_high__rc_low__ph_peak__prog__exp_t000__s002,0,qwen
0,ab_A4__r_high__rc_low__ph_peak,0,0,0,0,0,0,0,ab_A4__r_high__rc_low__ph_peak__qwen2.5_7b_instruct__src_t070__exp_t000__s006,0,pair_0218,0,0,0,0,0,0,0,ab_A4__r_high__rc_low__ph_peak__prog__exp_t000__s003,0,qwen
1,ab_A4__r_low__rc_high__ph_base,1,1,1,1,0,1,1,ab_A4__r_low__rc_high__ph_base__gemma_3_4b_it__src_t070__exp_t000__s004,1,pair_0219,0,0,0,0,0,0,0,ab_A4__r_low__rc_high__ph_base__prog__exp_t000__s005,0,gemma
1,ab_A4__r_low__rc_high__ph_base,1,1,1,0,0,1,1,ab_A4__r_low__rc_high__ph_base__gemma_3_4b_it__src_t070__exp_t000__s003,1,pair_0220,0,0,0,0,0,0,0,ab_A4__r_low__rc_high__ph_base__prog__exp_t000__s014,0,gemma
1,ab_A4__r_low__rc_high__ph_base,1,1,1,1,0,0,1,ab_A4__r_low__rc_high__ph_base__gemma_3_4b_it__src_t070__exp_t000__s001,1,pair_0221,0,0,0,0,0,0,0,ab_A4__r_low__rc_high__ph_base__prog__exp_t000__s019,0,gemma
1,ab_A4__r_low__rc_high__ph_base,1,1,0,1,0,0,1,ab_A4__r_low__rc_high__ph_base__gemma_3_4b_it__src_t070__exp_t000__s005,1,pair_0222,0,0,0,0,0,0,0,ab_A4__r_low__rc_high__ph_base__prog__exp_t000__s010,0,gemma
1,ab_A4__r_low__rc_high__ph_base,1,1,0,1,0,0,1,ab_A4__r_low__rc_high__ph_base__gemma_3_4b_it__src_t070__exp_t000__s002,1,pair_0223,0,0,0,0,0,0,0,ab_A4__r_low__rc_high__ph_base__prog__exp_t000__s009,0,gemma
1,ab_A4__r_low__rc_high__ph_base,1,1,1,0,0,1,1,ab_A4__r_low__rc_high__ph_base__qwen2.5_7b_instruct__src_t070__exp_t000__s007,1,pair_0224,0,0,0,0,0,0,0,ab_A4__r_low__rc_high__ph_base__prog__exp_t000__s013,0,qwen
0,ab_A4__r_low__rc_high__ph_base,0,0,0,0,0,0,0,ab_A4__r_low__rc_high__ph_base__qwen2.5_7b_instruct__src_t070__exp_t000__s001,0,pair_0225,0,0,0,0,0,0,0,ab_A4__r_low__rc_high__ph_base__prog__exp_t000__s008,0,qwen
1,ab_A4__r_low__rc_high__ph_base,1,1,1,0,0,1,1,ab_A4__r_low__rc_high__ph_base__qwen2.5_7b_instruct__src_t070__exp_t000__s006,1,pair_0226,0,0,0,0,0,0,0,ab_A4__r_low__rc_high__ph_base__prog__exp_t000__s016,0,qwen
0,ab_A4__r_low__rc_high__ph_base,0,0,0,0,0,0,0,ab_A4__r_low__rc_high__ph_base__qwen2.5_7b_instruct__src_t070__exp_t000__s005,0,pair_0227,0,0,0,0,0,0,0,ab_A4__r_low__rc_high__ph_base__prog__exp_t000__s012,0,qwen
1,ab_A4__r_low__rc_high__ph_base,0,1,0,1,0,0,0,ab_A4__r_low__rc_high__ph_base__qwen2.5_7b_instruct__src_t070__exp_t000__s000,0,pair_0228,0,0,0,0,0,0,0,ab_A4__r_low__rc_high__ph_base__prog__exp_t000__s017,0,qwen
1,ab_A4__r_low__rc_high__ph_peak,1,1,0,0,0,1,1,ab_A4__r_low__rc_high__ph_peak__gemma_3_4b_it__src_t070__exp_t000__s002,0,pair_0229,0,0,0,0,0,0,0,ab_A4__r_low__rc_high__ph_peak__prog__exp_t000__s005,0,gemma
1,ab_A4__r_low__rc_high__ph_peak,1,1,0,1,0,1,1,ab_A4__r_low__rc_high__ph_peak__gemma_3_4b_it__src_t070__exp_t000__s011,0,pair_0230,0,0,0,0,0,0,0,ab_A4__r_low__rc_high__ph_peak__prog__exp_t000__s019,0,gemma
0,ab_A4__r_low__rc_high__ph_peak,0,0,0,0,0,0,0,ab_A4__r_low__rc_high__ph_peak__gemma_3_4b_it__src_t070__exp_t000__s015,0,pair_0231,0,0,0,0,0,0,0,ab_A4__r_low__rc_high__ph_peak__prog__exp_t000__s014,0,gemma
1,ab_A4__r_low__rc_high__ph_peak,1,1,1,0,0,1,1,ab_A4__r_low__rc_high__ph_peak__gemma_3_4b_it__src_t070__exp_t000__s003,1,pair_0232,0,0,0,0,0,0,0,ab_A4__r_low__rc_high__ph_peak__prog__exp_t000__s013,0,gemma
1,ab_A4__r_low__rc_high__ph_peak,0,1,0,0,0,1,0,ab_A4__r_low__rc_high__ph_peak__qwen2.5_7b_instruct__src_t070__exp_t000__s001,0,pair_0233,0,0,0,0,0,0,0,ab_A4__r_low__rc_high__ph_peak__prog__exp_t000__s010,0,qwen
0,ab_A4__r_low__rc_high__ph_peak,0,0,0,0,0,0,0,ab_A4__r_low__rc_high__ph_peak__qwen2.5_7b_instruct__src_t070__exp_t000__s004,0,pair_0234,0,0,0,0,0,0,0,ab_A4__r_low__rc_high__ph_peak__prog__exp_t000__s017,0,qwen
1,ab_A4__r_low__rc_high__ph_peak,0,1,0,0,0,1,0,ab_A4__r_low__rc_high__ph_peak__qwen2.5_7b_instruct__src_t070__exp_t000__s009,0,pair_0235,0,0,0,0,0,0,0,ab_A4__r_low__rc_high__ph_peak__prog__exp_t000__s011,0,qwen
1,ab_A4__r_low__rc_low__ph_base,0,1,0,0,0,1,0,ab_A4__r_low__rc_low__ph_base__gemma_3_4b_it__src_t070__exp_t000__s003,0,pair_0236,0,0,0,0,0,0,0,ab_A4__r_low__rc_low__ph_base__prog__exp_t000__s014,0,gemma
1,ab_A4__r_low__rc_low__ph_base,1,1,1,1,0,1,1,ab_A4__r_low__rc_low__ph_base__gemma_3_4b_it__src_t070__exp_t000__s000,1,pair_0237,0,0,0,0,0,0,0,ab_A4__r_low__rc_low__ph_base__prog__exp_t000__s005,0,gemma
1,ab_A4__r_low__rc_low__ph_base,1,1,1,0,0,0,1,ab_A4__r_low__rc_low__ph_base__gemma_3_4b_it__src_t070__exp_t000__s001,1,pair_0238,0,0,0,0,0,0,0,ab_A4__r_low__rc_low__ph_base__prog__exp_t000__s019,0,gemma
1,ab_A4__r_low__rc_low__ph_base,1,1,1,0,0,1,1,ab_A4__r_low__rc_low__ph_base__gemma_3_4b_it__src_t070__exp_t000__s002,1,pair_0239,0,0,0,0,0,0,0,ab_A4__r_low__rc_low__ph_base__prog__exp_t000__s010,0,gemma
1,ab_A4__r_low__rc_low__ph_base,1,1,1,0,0,0,1,ab_A4__r_low__rc_low__ph_base__gemma_3_4b_it__src_t070__exp_t000__s005,1,pair_0240,0,0,0,0,0,0,0,ab_A4__r_low__rc_low__ph_base__prog__exp_t000__s017,0,gemma
1,ab_A4__r_low__rc_low__ph_base,1,1,0,1,0,0,1,ab_A4__r_low__rc_low__ph_base__gemma_3_4b_it__src_t070__exp_t000__s004,1,pair_0241,0,0,0,0,0,0,0,ab_A4__r_low__rc_low__ph_base__prog__exp_t000__s016,0,gemma
1,ab_A4__r_low__rc_low__ph_base,0,1,0,0,0,1,0,ab_A4__r_low__rc_low__ph_base__qwen2.5_7b_instruct__src_t070__exp_t000__s006,0,pair_0242,0,0,0,0,0,0,0,ab_A4__r_low__rc_low__ph_base__prog__exp_t000__s008,0,qwen
1,ab_A4__r_low__rc_low__ph_base,0,1,0,0,0,1,0,ab_A4__r_low__rc_low__ph_base__qwen2.5_7b_instruct__src_t070__exp_t000__s003,0,pair_0243,0,0,0,0,0,0,0,ab_A4__r_low__rc_low__ph_base__prog__exp_t000__s015,0,qwen
1,ab_A4__r_low__rc_low__ph_base,0,1,0,0,0,1,0,ab_A4__r_low__rc_low__ph_base__qwen2.5_7b_instruct__src_t070__exp_t000__s001,0,pair_0244,0,0,0,0,0,0,0,ab_A4__r_low__rc_low__ph_base__prog__exp_t000__s013,0,qwen
1,ab_A4__r_low__rc_low__ph_peak,1,1,1,1,0,0,1,ab_A4__r_low__rc_low__ph_peak__gemma_3_4b_it__src_t070__exp_t000__s015,1,pair_0245,0,0,0,0,0,0,0,ab_A4__r_low__rc_low__ph_peak__prog__exp_t000__s014,0,gemma
1,ab_A4__r_low__rc_low__ph_peak,1,1,0,0,0,1,1,ab_A4__r_low__rc_low__ph_peak__gemma_3_4b_it__src_t070__exp_t000__s005,0,pair_0246,0,0,0,0,0,0,0,ab_A4__r_low__rc_low__ph_peak__prog__exp_t000__s005,0,gemma
1,ab_A4__r_low__rc_low__ph_peak,0,1,0,0,0,1,0,ab_A4__r_low__rc_low__ph_peak__qwen2.5_7b_instruct__src_t070__exp_t000__s002,0,pair_0247,0,0,0,0,0,0,0,ab_A4__r_low__rc_low__ph_peak__prog__exp_t000__s011,0,qwen
0,ab_A4__r_low__rc_low__ph_peak,0,0,0,0,0,0,0,ab_A4__r_low__rc_low__ph_peak__qwen2.5_7b_instruct__src_t070__exp_t000__s007,0,pair_0248,0,0,0,0,0,0,0,ab_A4__r_low__rc_low__ph_peak__prog__exp_t000__s017,0,qwen
1,ab_A4__r_low__rc_low__ph_peak,0,1,0,0,0,1,0,ab_A4__r_low__rc_low__ph_peak__qwen2.5_7b_instruct__src_t070__exp_t000__s001,0,pair_0249,0,0,0,0,0,0,0,ab_A4__r_low__rc_low__ph_peak__prog__exp_t000__s013,0,qwen
