llm_win_rate_all,llm_win_rate_excluding_ties,llm_win_rate_ties_half,llm_wins,marker,n,programmatic_win_rate_all,programmatic_wins,tie_rate,ties
0.271,0.40617505995203834,0.4374,2710,clarity_actionability,10000,0.3962,3962,0.3328,3328
0.3046,0.3280560043080237,0.34035,3046,endurance_development,10000,0.6239,6239,0.0715,715
0.2578,0.322129201549419,0.35765,2578,explanation_quality,10000,0.5425,5425,0.1997,1997
0.3218,0.35111838516093835,0.36355,3218,load_progression,10000,0.5947,5947,0.0835,835
0.2835,0.36,0.38975,2835,plan_coherence,10000,0.504,5040,0.2125,2125
0.2783,0.33441480413362173,0.3622,2783,quality_session_design,10000,0.5539,5539,0.1678,1678
0.2863,0.39835814665368025,0.42695,2863,readiness_alignment,10000,0.4324,4324,0.2813,2813
0.3103,0.3907076303198187,0.4132,3103,recovery_safety,10000,0.4839,4839,0.2058,2058
0.4368,0.4854412091575906,0.4869,4368,training_specificity,10000,0.463,4630,0.1002,1002
