llm_win_rate_all,llm_win_rate_excluding_ties,llm_win_rate_ties_half,llm_wins,marker,n,programmatic_wins,tie_rate,ties
0.2407766990291262,0.40064620355411956,0.44029126213592235,992,clarity_actionability,4120,1484,0.3990291262135922,1644
0.26990291262135924,0.2938689217758985,0.3106796116504854,1112,endurance_development,4120,2672,0.08155339805825243,336
0.24320388349514563,0.3230174081237911,0.366747572815534,1002,explanation_quality,4120,2100,0.2470873786407767,1018
0.3400485436893204,0.37479935794542535,0.3864077669902913,1401,load_progression,4120,2337,0.09271844660194174,382
0.2716019417475728,0.3656862745098039,0.4002427184466019,1119,plan_coherence,4120,1941,0.25728155339805825,1060
0.26019417475728157,0.3403174603174603,0.3779126213592233,1072,quality_session_design,4120,2078,0.2354368932038835,970
0.27548543689320387,0.414536157779401,0.4432038834951456,1135,readiness_alignment,4120,1603,0.3354368932038835,1382
0.29393203883495145,0.3982242683327853,0.424878640776699,1211,recovery_safety,4120,1830,0.26189320388349513,1079
0.4211165048543689,0.48194444444444445,0.4842233009708738,1735,training_specificity,4120,1865,0.1262135922330097,520
